Sample_0,Sample_1,Sample_2,Sample_3,Sample_4,Sample_5,Sample_6,Sample_7,Sample_8,Sample_9,Sample_10,Sample_11,Sample_12,Sample_13,Sample_14,Sample_15,Sample_16,Sample_17,Sample_18,Sample_19,Sample_20,Sample_21,Sample_22,Sample_23,Sample_24,Sample_25,Sample_26,Sample_27,Sample_28,Sample_29,Sample_30,Sample_31,Sample_32,Sample_33,Sample_34,Sample_35,Sample_36,Sample_37,Sample_38,Sample_39,Sample_40,Sample_41,Sample_42,Sample_43,Sample_44,Sample_45,Sample_46,Sample_47,Sample_48,Sample_49,Sample_50,Sample_51,Sample_52,Sample_53,Sample_54,Sample_55,Sample_56,Sample_57,Sample_58,Sample_59,Sample_60,Sample_61,Sample_62,Sample_63,Sample_64,Sample_65,Sample_66,Sample_67,Sample_68,Sample_69,Sample_70,Sample_71,Sample_72,Sample_73,Sample_74,Sample_75,Sample_76,Sample_77,Sample_78,Sample_79,Sample_80,Sample_81,Sample_82,Sample_83,Sample_84,Sample_85,Sample_86,Sample_87,Sample_88,Sample_89,Sample_90,Sample_91,Sample_92,Sample_93,Sample_94,Sample_95,Sample_96,Sample_97,Sample_98,Sample_99,Sample_100,Sample_101,Sample_102,Sample_103,Sample_104,Sample_105,Sample_106,Sample_107,Sample_108,Sample_109,Sample_110,Sample_111,Sample_112,Sample_113,Sample_114,Sample_115,Sample_116,Sample_117,Sample_118,Sample_119,Sample_120,Sample_121,Sample_122,Sample_123,Sample_124,Sample_125,Sample_126,Sample_127,Sample_128,Sample_129,Sample_130,Sample_131,Sample_132,Sample_133,Sample_134,Sample_135,Sample_136,Sample_137,Sample_138,Sample_139,Sample_140,Sample_141,Sample_142,Sample_143,Sample_144,Sample_145,Sample_146,Sample_147,Sample_148,Sample_149,Sample_150,Sample_151,Sample_152,Sample_153,Sample_154,Sample_155,Sample_156,Sample_157,Sample_158,Sample_159,Sample_160,Sample_161,Sample_162,Sample_163,Sample_164,Sample_165,Sample_166,Sample_167,Sample_168,Sample_169,Sample_170,Sample_171,Sample_172,Sample_173,Sample_174,Sample_175,Sample_176,Sample_177,Sample_178,Sample_179,Sample_180,Sample_181,Sample_182,Sample_183,Sample_184,Sample_185,Sample_186,Sample_187,Sample_188,Sample_189,Sample_190,Sample_191,Sample_192,Sample_193,Sample_194,Sample_195,Sample_196,Sample_197,Sample_198,Sample_199,Sample_200,Sample_201,Sample_202,Sample_203,Sample_204,Sample_205,Sample_206,Sample_207,Sample_208,Sample_209,Sample_210,Sample_211,Sample_212,Sample_213,Sample_214,Sample_215,Sample_216,Sample_217,Sample_218,Sample_219,Sample_220,Sample_221,Sample_222,Sample_223,Sample_224,Sample_225,Sample_226,Sample_227,Sample_228,Sample_229,Sample_230,Sample_231,Sample_232,Sample_233,Sample_234,Sample_235,Sample_236,Sample_237,Sample_238,Sample_239,Sample_240,Sample_241,Sample_242,Sample_243,Sample_244,Sample_245,Sample_246,Sample_247,Sample_248,Sample_249,Sample_250,Sample_251,Sample_252,Sample_253,Sample_254,Sample_255,Mod_Type,SNR
-0.009236422,-0.008311078,-0.006390343,-0.0042253737,-0.0023934883,-0.0001616557,0.0014997752,0.0025393975,0.002902484,0.0023586296,0.0012630529,0.0003181987,-0.0012240828,-0.002378117,-0.0032416247,-0.0032976868,-0.002894813,-0.0017316756,3.401164e-05,0.0018884392,0.0035122444,0.004948565,0.0056683193,0.005563248,0.0044388594,0.0028113045,0.0003347054,-0.0023483317,-0.005040019,-0.0076625864,-0.009406161,-0.0104356315,-0.011174692,-0.010751327,-0.010079006,-0.0084309615,-0.007240374,-0.0055445484,-0.003240658,-0.0014866872,0.0006782747,0.0024453497,0.0040368913,0.005697896,0.006904782,0.0076517616,0.007886122,0.0075018695,0.006376795,0.004348591,0.0018011342,-0.0012652978,-0.004322713,-0.007204801,-0.008958838,-0.010246958,-0.010235593,-0.009442836,-0.0074636484,-0.004604995,-0.0012791585,0.0021101318,0.0050511067,0.007538267,0.008847129,0.009579766,0.009277776,0.008674092,0.007387282,0.0055501615,0.0038725752,0.0026632226,0.0015382142,0.0007774823,0.00024025347,-0.00026703847,-0.0008659405,-0.0010355038,-0.0014715462,-0.0021722852,-0.0027859868,-0.003594224,-0.0043259175,-0.0046235262,-0.005144625,-0.0055418056,-0.005948202,-0.0065587005,-0.007013023,-0.007843586,-0.008660077,-0.009664495,-0.010787167,-0.011407263,-0.011561571,-0.011474194,-0.010663499,-0.009006139,-0.007435757,-0.0050606094,-0.0028131066,-0.0005754627,0.0008877091,0.0015366254,0.0015492727,0.0010007442,-0.0003114188,-0.001964933,-0.0037432346,-0.005198396,-0.006230186,-0.0062803593,-0.005686366,-0.004017037,-0.0018910182,0.00044388275,0.0028177637,0.0050721974,0.006863696,0.0077260644,0.007748816,0.007451445,0.0060689887,0.004591014,0.002851622,0.00093211257,-0.0006523273,-0.00195845,-0.008328618,-0.007948876,-0.006820719,-0.0050281556,-0.0028695397,-0.0006877483,0.0013892626,0.0034363559,0.0046312204,0.0052484456,0.005282912,0.004758637,0.0040654615,0.0030560833,0.0017794623,0.00083006214,0.00036875485,0.00013263391,0.0006204519,0.0013993741,0.0027176305,0.00416748,0.0059618307,0.0070643616,0.008555628,0.009492025,0.010051861,0.010147342,0.010201773,0.009948971,0.009689072,0.009086354,0.0083496645,0.007921713,0.0076088617,0.0072895167,0.006971374,0.0065995,0.0062268,0.005692136,0.005311251,0.0049168817,0.004660645,0.004096679,0.0038958376,0.0037953942,0.0033281872,0.003212776,0.0030036021,0.0027113128,0.0018805104,0.0011656426,0.0001872683,-0.00089323893,-0.00242425,-0.0039198627,-0.0054394826,-0.00656985,-0.007784865,-0.008900967,-0.009536204,-0.010010042,-0.01015079,-0.010156934,-0.009992283,-0.009471341,-0.009181175,-0.00903083,-0.00882305,-0.008768693,-0.008653966,-0.008475061,-0.008296877,-0.00783662,-0.0072039617,-0.0067418613,-0.0059767417,-0.00483669,-0.004030253,-0.00256911,-0.0011709307,-8.4074665e-05,0.0013034417,0.0029499254,0.0036295808,0.005062632,0.0057761692,0.0061746826,0.006470148,0.006513349,0.0062869987,0.0054573375,0.004871578,0.0039618495,0.00324301,0.002431734,0.0019274554,0.0020413597,0.0021429725,0.00290432,0.0038560657,0.00500353,0.005862169,0.006598325,0.0072282036,0.0070740967,0.0064250696,0.0057885204,0.0041172174,0.0023574138,0.00043599607,-0.0014583236,-0.0032232702,-0.004624711,-0.0053097145,-0.0058605713,-0.005912772,-0.005814286,-0.0056841085,-0.0053732498,-0.005568673,-0.005845909,-0.0063246153,-0.006821145,-0.007301876,-0.007585542,-0.00809021,-0.0074818265,QAM64,8
-0.005544346,-0.0004589896,0.0043546194,0.009633062,0.010347154,0.012569181,0.013424392,0.01697542,0.007756443,0.011535652,0.0061165127,0.00021091834,0.0031994123,-0.0026101442,-0.00042281603,-0.0039624297,-0.00412789,-0.007935691,-0.010446577,-0.0016375683,-0.0043705604,-0.00092455687,0.00120596,-0.0042291847,0.0005287618,-0.0008838285,-0.0075573935,0.0030485583,-0.008842237,-0.0043711313,-0.0033275106,-0.011311096,-0.0023708502,-0.0014970524,-0.0011456991,0.0029268118,0.0069902167,0.0066737304,0.006466657,0.009555012,0.00520168,0.002925045,0.0014407772,-0.0042051277,-0.0009795085,-0.0053168363,-0.0033200919,-0.0038100928,-0.0080242,0.0004031486,0.004814304,0.003204898,0.004316228,0.0023428681,0.011133035,0.004605405,0.008116028,-0.0036649634,-0.00027100573,-0.0010439613,-0.0051213657,-0.013269375,-0.009776053,-0.010426183,-0.010118613,-0.0017459162,-0.0043483446,-0.0025034845,0.001036386,-0.00025983114,0.002615587,7.3655494e-05,0.0032130182,0.0042067673,0.0032819367,-0.006525087,0.00094786653,0.00094381155,-0.004680708,-0.010785148,-0.0027263016,-0.0010300655,-0.0059819533,0.0035783285,0.0049901637,0.003308079,0.003995134,0.0026085298,0.0049326606,0.0015874178,0.0056833676,-0.0010334265,-0.006671015,-0.008600048,-0.0041142646,-0.0013542279,-0.0047662007,-0.0026426206,0.004078612,0.0017116868,-0.00024665735,-0.0065909857,0.00099897,-0.008630778,-0.0063514863,-0.0053553465,-0.0114140455,-0.014923972,-0.011873151,-0.01566074,-0.009568836,-0.008474218,-0.0070687677,-0.004417037,-0.0005070012,0.0013008274,0.0055542975,-0.00038514458,0.002303597,0.0074268417,-0.006418323,0.0020003696,0.00079901266,0.0030114304,-0.0024238708,-0.004142466,-0.007859186,-0.008388817,-0.0093034245,-0.005396815,-0.010552173,-0.00974184,-0.0036961003,-0.0015706851,8.036093e-05,0.0074150083,0.0017004501,-0.0021191705,0.009587871,0.0012126707,-0.00073580624,0.0020496557,0.00064132054,-0.0015167234,-0.0053782435,-0.0015626104,-0.0036146767,0.0008753745,-0.0066699837,-0.002166795,-0.0005053799,0.0027406632,-0.00022701889,0.0075989384,0.004064151,0.0038322546,0.006801473,0.0048085484,0.0031940485,-0.0058359248,-0.0032498846,-0.0042457995,-0.004732404,-0.011607565,-0.0114239715,-0.010554905,-0.008046196,-0.012927537,-0.003338535,-0.0053663887,-0.00092549226,-0.0062140124,-0.0029585187,0.0036907843,-0.0011391776,0.005173749,0.0015291485,-0.0011701246,-0.00047269335,-0.0014388674,-0.0010776984,-0.0023416937,-0.00073890825,0.0012005185,-0.001847097,-0.0020789101,-0.0013969997,-0.007949416,-0.0022335737,-0.0058375755,-0.012544348,-0.0070772115,-0.012572026,-0.0018059332,-0.005434873,-0.011101183,-0.0034394723,-0.0027607724,0.007132628,0.0043926123,0.0057506314,0.0068673315,0.010927558,0.011098998,0.014145222,0.009011219,0.009777031,0.007058356,0.009796854,0.0017829009,0.0010812257,-0.0063769673,-0.006466043,-0.008801051,-0.013549917,-0.011256076,-0.006844869,-0.012117063,-0.008849955,-0.009612043,-0.0052678017,-0.005001923,-0.008462525,-0.00947875,-0.007249809,-0.004171027,-0.0064576636,-0.0031020045,0.0008557237,0.0034056564,0.00037319804,-0.0070457985,-0.0024803963,0.011384466,-0.0037297744,-0.0015081128,0.00016737106,0.0034265565,8.090555e-05,0.0030617276,0.00065978937,0.0059270724,-0.004615838,0.0028924649,0.0049453136,0.0007185616,0.004033446,0.00810447,0.008083086,0.0036949716,0.0074139507,0.0037012803,0.0054662656,0.00092277554,0.004103023,-0.0022702713,QAM64,-6
-0.0013965725,0.00094735366,-0.002937643,0.0012372324,0.007848549,-0.0021034824,-0.0013142095,0.0039575878,0.0053188712,-0.008704506,-0.0053771813,0.0023707533,-0.00427116,0.0024767646,-0.0041254056,0.0072377482,0.0010470299,-0.00032431388,0.0006152011,0.0046677142,-0.0066962424,0.0037996965,0.004984221,0.0034334369,0.01598756,-0.006083318,0.0011293406,-0.004726572,-0.0060153827,-0.006969034,0.0038479378,0.0052974233,0.0024833085,0.0055182637,0.0010726548,0.0055448357,-0.00048719154,0.0007414009,-0.0064427466,-0.0072267596,-0.006945401,0.0028773576,-0.0018688949,-0.00053432863,-0.0011071435,0.00036489338,0.0077652833,0.0022149147,-0.0070409924,-0.0033497931,-0.00983896,-0.0005439399,0.0027620627,0.012498064,0.0026506756,-0.00035872494,0.009402739,0.009539553,0.0055171764,-0.011621442,0.0017366934,0.0015082988,-0.0021651813,0.0018745663,0.0027286862,0.005107334,0.0051252553,-0.016694196,-0.011488441,0.0022189424,-0.005045803,0.0028248394,-0.004201236,-0.007041766,0.0067241434,-0.00025511664,-0.006362071,0.0027504216,0.01582617,-8.2792394e-05,-0.0019921402,0.0050875186,0.003636814,0.0011915,-5.01012e-05,0.0011845747,-0.0034224698,0.004964079,0.0045891744,-0.005596151,-0.0016953729,0.0006598508,0.005710359,-0.005287868,0.0024063706,-0.0055903825,0.0060799243,-0.0065294686,0.0031229986,0.0054136384,0.0060175997,0.00943059,-0.0016752476,-0.00113573,0.009517321,-0.0097460365,-0.0059349933,-0.007957897,0.007359504,0.00064932747,-0.01113486,0.006485086,0.0029449787,-0.005405613,-8.148371e-05,0.008347369,0.0023094655,0.004420351,0.002969822,-0.0033119398,0.0062066885,-0.0026824942,-0.007838103,0.005462653,-0.0005101258,-0.013121695,0.0028497274,-0.011936091,-0.0046034707,0.0011551236,0.002601057,0.0039525866,-0.0070901196,0.004439738,-0.0053479173,-0.0018984425,0.00081253063,-0.0015388735,0.006328277,-0.0067148674,0.0024216285,0.0010611154,-0.0012023175,-0.0030714532,0.0037196726,0.009511114,0.006555245,0.00037276134,-0.006691452,-0.012863745,-0.0021093907,-0.0065411567,0.0027777872,0.00044273236,0.008565988,0.003089569,0.0030338885,0.0005260382,-2.3773602e-05,0.0014507907,-0.005237064,0.00044757294,-0.0024921647,0.012648619,-0.0059680548,-0.011563148,-0.006021634,0.009919946,-0.008851032,5.7578858e-05,-0.011035892,-0.00084012345,0.0049749594,0.0071704006,0.014169888,-0.005453855,-0.0025391183,0.005596333,0.0015024743,0.005917929,-0.0012694643,0.0070797945,0.007643068,-0.005922015,0.0011178929,0.012881629,0.0020140528,-0.0005280244,0.005150732,0.0062496793,-0.014649862,0.009142831,-0.0005831242,0.0021541184,0.00055366877,-0.0061196918,0.0068846224,-0.0036194618,0.00038065133,-0.0032166175,-0.0060808016,-0.0019270997,-0.005658205,-0.008245626,0.0053986995,-0.006083931,0.0062484774,0.012518122,-0.008216851,-0.00584166,-0.00012613495,-0.008978337,-0.009866496,-0.0025105474,0.0023128868,-0.0016343805,-0.00054020074,0.004789962,0.0023775767,-0.006751457,-0.013730396,-0.002854105,0.007389269,-0.008388399,0.0038019237,-0.0016678757,-0.0014378282,-0.0005968139,-0.016405886,-0.00133985,0.0031885027,-0.013867695,0.00010679642,0.006115752,0.007828487,0.0073545375,0.00070740836,8.214112e-05,-0.0011420806,-0.0004794788,-0.002441139,0.01818593,-0.0022484486,-0.0060450477,-0.008055448,0.0055055763,-0.000620265,0.003956695,0.012708065,0.0069970954,-0.008055866,0.007104545,-0.0068179234,-0.0048353546,-0.0049145627,-0.009743227,QAM64,-20
-0.00041218026,0.0007154929,0.0020824908,0.0036176487,0.0051728995,0.006348204,0.0073718852,0.008426091,0.008462282,0.008714019,0.007552615,0.0067323316,0.005486807,0.0036428461,0.0011002888,-0.00091659446,-0.0036241696,-0.005481905,-0.007058505,-0.0076164426,-0.008653908,-0.008277963,-0.0076963524,-0.0075501516,-0.00701483,-0.0060403016,-0.005714686,-0.004906015,-0.004605334,-0.005344278,-0.0052150902,-0.005837747,-0.006529755,-0.0068910876,-0.0076466864,-0.0074636526,-0.007238988,-0.0073138834,-0.0079102805,-0.007321202,-0.008278098,-0.007353183,-0.007180204,-0.0061048376,-0.0060348823,-0.004629221,-0.0032530336,-0.0019750448,-0.00036983003,0.0007361249,0.0034610403,0.0044705877,0.0070483303,0.009418297,0.010074911,0.011079423,0.011383451,0.010801415,0.009867955,0.008422608,0.005742912,0.0034376741,0.0014172889,-0.0022071549,-0.0049177427,-0.007977561,-0.00922029,-0.010221007,-0.011373053,-0.011684436,-0.011046297,-0.010340301,-0.0088569345,-0.0074506006,-0.0061115874,-0.004269736,-0.0036537438,-0.0027380716,-0.0025312442,-0.0007647571,-8.773407e-06,0.00091725535,0.0013036524,0.0013028918,0.0027756863,0.004097448,0.005242533,0.0040472005,0.0047276695,0.004497638,0.004942751,0.004775911,0.0041498067,0.003380261,0.002757845,0.0019771107,0.0012446201,-6.5610395e-05,0.0004623225,-0.00022923014,-0.00042942204,-0.0011452871,-0.0017019358,-0.0021480145,-0.0036832702,-0.0033718701,-0.0029850653,-0.0039566127,-0.0041290633,-0.0044258856,-0.0044556605,-0.0041793482,-0.005130466,-0.0044810125,-0.0043706135,-0.0030077007,-0.002856316,-0.0018033047,-0.0006788588,-0.001148379,-6.8676076e-05,-0.00011484481,6.509254e-05,-0.0007408147,-0.00040968216,-0.0014374757,-0.0026769694,-0.0025144848,-0.0063589285,-0.0069354973,-0.0067954757,-0.0069091152,-0.008214076,-0.008700795,-0.009302956,-0.009888239,-0.009967722,-0.009282499,-0.008779988,-0.007459277,-0.0063277585,-0.0041511827,-0.002680608,-0.0018160931,-0.0014412092,-0.00056782627,-0.00095328095,-0.0010628611,-0.0016611225,-0.003488309,-0.00326588,-0.005026406,-0.0053555896,-0.0060545444,-0.0049334797,-0.0056258854,-0.003696834,-0.0029830693,-0.0015567123,-0.00030110317,0.0001749615,0.00046902735,0.00086567196,0.0008798815,0.000111922534,-3.5866367e-05,-0.0016307173,-0.001225334,-0.0032555244,-0.004450541,-0.0057170894,-0.0064007156,-0.008023767,-0.009181778,-0.009436971,-0.010953565,-0.011521116,-0.011160413,-0.0106344335,-0.009333471,-0.0070109083,-0.006593936,-0.0041061947,-0.0015766632,0.002223293,0.003464518,0.0061988537,0.007938638,0.009507594,0.011462766,0.011374623,0.012139508,0.010935276,0.011058812,0.009363968,0.008130557,0.006307762,0.0039819265,0.0015528123,0.00057964993,-0.002258277,-0.002787077,-0.0030810528,-0.004090304,-0.0031941081,-0.0030874868,-0.0019652378,-0.0019046568,-0.0020204054,-0.00093919266,-0.0011099328,-0.0022455056,-0.0031107918,-0.0042421524,-0.005178064,-0.0064402362,-0.007115369,-0.008154935,-0.0095780045,-0.010165195,-0.009994313,-0.010427633,-0.010589349,-0.010579357,-0.009833005,-0.009027483,-0.009280516,-0.008357316,-0.0064486885,-0.0054035094,-0.004639164,-0.0029850455,-0.002898632,-0.0023711273,-0.0011775424,-0.0012510829,-0.0017366082,-0.0022858146,-0.0027551802,-0.003382201,-0.0040943865,-0.0042475373,-0.005154651,-0.005376569,-0.004346644,-0.0041955574,-0.0029382946,-0.0020782195,-0.001482389,-0.00087305304,0.0016596513,0.0032163481,0.0049150535,0.006540242,0.007389482,0.008278316,QAM64,2
0.000577288,0.00056429056,0.0022010098,0.0033447468,0.0005844489,0.0071814065,0.0012667199,-0.0032271799,-0.0031914392,-9.04351e-05,-0.0014089973,-0.00051411206,-0.0016291669,0.0018626577,0.0018725115,-0.0043828976,-0.006629177,-0.005330216,-0.0004839482,-0.00034280468,-0.0032219526,0.004770847,0.0032910574,-0.0062259096,-0.0045096106,0.0014103026,0.0004435893,-0.0035223996,0.0034613588,-0.010376006,0.003094046,0.0025206401,0.00562962,-0.0058997637,-0.00032558542,0.0039608856,-0.00027571167,-0.003835265,0.0051437393,-0.0031601833,0.004621102,-0.003961998,-0.001552689,0.0033574041,0.0039140424,-0.0010102487,0.0015285149,0.002274576,0.0022413973,-0.00095293886,-0.0033145822,-0.0058702435,-0.0007074448,0.007303604,-0.005047255,-0.0008036576,-0.0040863142,0.0022076627,-0.0034765373,-0.005624343,0.003347419,0.0036988584,-0.00014676533,-0.001691059,0.005392862,0.0022516935,-0.0010007013,0.00062441546,0.0041453363,0.0056766267,5.5675187e-05,-0.0022393866,-0.0024317855,-1.2399656e-05,-0.00047475335,-0.004516154,-0.0019123859,-0.00097023987,-0.0010119057,-0.002009393,-0.0034055184,-0.003543295,0.0038148586,-0.0039380016,0.00048512113,0.00417675,0.006346233,0.0026669265,-0.0031573647,-0.007274096,-0.01095937,-0.0052480926,-0.002079508,0.0027564825,0.0018006101,0.0078039207,0.013009102,0.017238097,0.02305214,0.029583292,0.022869656,0.017128237,0.018654896,0.014810924,0.008272739,0.0030432055,-0.0064701247,-0.009324214,-0.015644563,-0.019483218,-0.013773688,-0.01606367,-0.01170462,-0.013619285,8.188299e-05,0.0019384056,0.0013834045,0.0029483312,0.0005253173,0.010143421,0.011610039,0.012570713,0.015224728,0.015659515,0.0117134,0.017563919,0.02377733,0.031019038,-0.0005429347,-0.0025947718,0.004719825,0.0017056772,-0.0017214613,0.0061824345,-0.00053867046,0.0005782096,0.001898436,-0.0009924723,0.002381528,-0.0008327284,0.007354723,-0.0038185895,-0.0029327949,-0.0021613298,0.00027762546,0.0024860287,0.008821481,0.0025494762,0.002677486,-0.002572291,-0.00038860826,0.005321605,0.0029180078,0.0035979473,0.0009601096,-0.0015114408,-0.0076463968,0.0064207027,-0.0012236,0.004817149,-0.0018837857,0.0031949566,-0.0031747646,-0.0003583023,0.0026507413,0.0061870497,-0.0023074495,0.0013922945,0.005248787,0.0022276328,0.0022075006,-0.0072329696,0.003759254,-0.0032795067,-0.009496022,-0.00040327446,-0.002903782,-0.0049417764,0.0032309124,-0.0013482267,-0.0045707445,-0.0025387935,-0.0016765891,0.006307498,-0.0010888777,0.00097340316,-0.0015841544,0.0033132208,-0.003526962,-0.0018349914,-0.004890724,0.0006925469,-0.0064278855,0.0021044684,0.006051579,0.0013440517,-0.006515679,-0.003172738,-0.0043115285,0.0012210007,-0.005702658,4.367467e-05,-0.0028158105,0.002439899,-0.00035617457,0.00033636947,-0.0007433486,-0.0008191018,-0.0013329263,-0.0028091127,-0.0046678493,-0.0010356548,0.0028179875,-0.0038147469,-0.0001618026,0.0048023257,-0.0018236793,0.0012444346,-0.0072472887,-0.007622339,-0.0046521225,-0.001829426,-0.0016736218,-0.0044121263,0.0033921879,0.005594422,0.0064423215,0.008041203,0.01822904,0.015441306,0.015613844,0.008552893,0.0070789354,-0.0018694941,-0.0029398217,-0.0050452473,-0.010775765,-0.009257996,-0.0044072387,-0.013366395,-0.0030675381,-0.008396234,-0.0054493896,-0.0034160996,0.006246445,0.0058417637,0.0015805898,-0.003441858,0.0019461393,-0.0066825943,-0.015167968,-0.020640172,-0.018323625,-0.02157403,-0.021164881,-0.022452788,QAM64,-4
0.009100813,-0.0028577691,0.004399751,-0.0014792868,0.0012349483,0.0020627761,-0.0042969384,0.006830934,0.0033211347,0.0016461469,0.003727961,-0.0042953882,-0.0030109845,0.010907489,-0.00037761466,0.0018136215,-0.00054948614,-0.0023820698,-0.0014986249,0.0019760542,-0.013935738,-0.0004651695,0.0050899335,0.0011577636,0.0020227428,-0.001799314,0.004075675,0.0018445776,-0.0054238765,-0.0012904354,-0.0017620785,-0.010390964,-0.007698306,0.0073529407,0.001463302,-0.0040885913,0.0023837122,0.001131592,-0.0008981768,0.0007747025,-0.00664157,0.0045789406,-0.0074436795,-0.010319681,-0.0031044816,-0.00091356336,0.012409675,0.011416265,0.001445664,0.008130733,-0.0038728279,-0.00030092816,-0.007747039,-0.0033087924,-0.004003291,-0.00609611,-0.00091140886,0.003030009,0.012285543,0.008689528,-0.0029530835,0.0050897,0.007969911,0.0017568548,0.00045988747,-0.004130187,0.000958936,-0.0062676608,0.00066797505,0.004941389,0.007841049,0.002905258,0.0024438484,0.0018194686,0.00029137163,0.00193682,-0.003476441,0.00079389906,-0.006835604,-0.004146615,0.0065985024,-0.0015253029,0.0033366964,-0.003521028,0.01400977,0.005940094,0.0006009502,-0.0010329245,-0.0062570386,-0.0010259383,-0.00019453773,0.00026233698,0.0039382246,0.0076826606,0.0009991184,0.008330077,0.010032935,0.0054234597,0.0024854033,-0.007788648,-0.0056778253,0.0043722307,-0.0028802862,-0.0008638432,-0.002585343,0.004882472,0.005118012,0.010553224,0.0150607005,-0.004225704,-0.0031138323,-0.008288801,-0.0105597265,-0.004029165,-0.0063736867,0.0004268454,-0.0036563193,0.004931496,0.013842811,0.009013494,0.00764681,-4.033562e-05,-0.0058325236,-0.003937466,-0.013919579,-0.012905744,0.004789136,-0.0070147207,0.0014244803,-0.00035484444,-0.00016430927,-0.003507199,0.00112606,-0.0019388333,0.0038363854,-0.0018846077,-0.00060297543,-0.0013059755,-0.007177636,-0.0015168956,0.016028028,0.0026711926,-0.007150458,0.0006917575,-0.006355119,-0.004872508,-0.0058968575,-0.0025991197,-0.0025799328,-0.009631849,0.0032736096,0.0067346077,-0.0014008594,0.0037046615,0.0035838122,-0.0003334489,-0.013154818,0.0024130591,0.00069693266,-0.00050196674,-0.0022451726,-0.008275246,-0.00431684,0.0029954154,0.0073507503,0.012554536,-2.4287781e-05,-0.005104631,-0.0041525266,-0.013224355,-0.008178539,-0.0050288523,-0.0031238056,0.0030358783,-0.0077642375,0.008868304,0.0034106113,0.005969198,0.012389741,0.005674874,0.0055570565,-0.006787364,-0.011141879,-0.011119966,-0.0043876166,-0.00074586994,-0.0050039496,-0.004907229,-0.0015414556,0.0049453005,0.0040483125,-0.0016385764,0.0010066055,-0.006750713,-0.0020783453,0.00070909545,0.0005035315,-0.013100938,-0.0048995926,0.00021068504,0.010417353,0.012110563,0.0069406284,0.0025248996,0.003722705,0.003360239,-0.0064995876,-0.009890543,0.00061106175,-0.0043566753,0.010688667,0.004037633,0.00742338,0.009400763,-5.0082057e-05,0.00067657314,-0.0010614457,-0.013936529,-0.008151089,-0.011196907,-0.014417828,0.0017775774,0.0017825286,-0.003034627,-0.0036652125,0.009464473,0.009156052,0.0004470202,-0.0067565073,0.0020721431,0.0014032808,-0.0019363865,-0.00019765297,-0.0038614685,0.0046208715,0.002507957,-0.000399718,0.006217321,0.009950609,0.0054377182,-0.004099061,-0.0046176296,-0.0053286287,-0.012318725,-0.022790046,-0.0055281417,-0.00024922777,0.0026124096,-0.0017376033,0.0118366955,0.0065763127,0.005766686,-0.005235382,-0.010414412,-0.008161608,-0.009520783,QAM64,18
0.0008228408,0.0011650927,0.002398135,0.003370034,0.003449656,0.004192793,0.004740895,0.0049169604,0.005003573,0.005763667,0.0056619965,0.006119911,0.006211097,0.0061177434,0.006849623,0.0064876173,0.006720755,0.0065747765,0.005684643,0.004375595,0.0031509746,0.002358592,0.0007305918,-0.0002623415,-0.0012753512,-0.0018584951,-0.0022366655,-0.0025145877,-0.002049511,-0.0018265235,-0.0013843656,-0.00091336475,-0.0002574904,-4.1367198e-07,-0.00048490815,-0.0010377578,-0.0009948902,-0.00227221,-0.003150145,-0.004804697,-0.005809547,-0.0073351883,-0.008128441,-0.009347091,-0.009728668,-0.009415207,-0.007932263,-0.0068767196,-0.0045589595,-0.002393041,0.00033298327,0.0032800382,0.005902187,0.008031692,0.009404199,0.009674321,0.009038986,0.0083276415,0.005959428,0.0041020443,0.0011479777,-0.0018033154,-0.0041575097,-0.0065194047,-0.008485906,-0.009767085,-0.010291457,-0.0106244,-0.010159591,-0.009560065,-0.008150223,-0.0066530327,-0.005202901,-0.0029586698,-0.0013220871,0.0005905299,0.003177909,0.005339685,0.0069669466,0.009314712,0.010439208,0.011604848,0.01263826,0.012398901,0.012085648,0.010808522,0.009249096,0.007944979,0.005445335,0.003662711,0.0017771109,-0.0003922029,-0.002070425,-0.0032698095,-0.004002386,-0.0041785124,-0.00381787,-0.003283682,-0.0016330999,-0.0007992679,0.00027194756,0.0019270302,0.0029810437,0.0043079476,0.0060864524,0.0077472725,0.008906703,0.009434128,0.010654896,0.010667312,0.010921642,0.009903636,0.008480122,0.00710327,0.0044715046,0.0013848651,-0.0014494843,-0.003490429,-0.0053132577,-0.006518816,-0.0058153947,-0.005110156,-0.0033036587,-0.0007260599,0.0018184335,0.0050089806,0.006497705,0.007322783,-0.0003968498,0.00012540587,0.0008478388,0.001971714,0.003459958,0.004283883,0.004888432,0.0051253024,0.0043758573,0.0032867459,0.0015503338,-0.0007034093,-0.003158264,-0.005361673,-0.0067203473,-0.008134312,-0.008905813,-0.0077672633,-0.0069002635,-0.005299456,-0.003578325,-0.0018226559,-0.00038550294,0.00023051404,1.2449828e-05,-7.310658e-05,-0.0019649281,-0.00384534,-0.0059575792,-0.007635539,-0.009555848,-0.010296859,-0.010201509,-0.009084719,-0.0076715434,-0.0057660462,-0.0039566807,-0.001926213,-0.0007519506,-0.00020824143,-0.00016141706,-0.0011413632,-0.002526399,-0.0047817994,-0.0070878556,-0.008955314,-0.010283356,-0.011103785,-0.011065522,-0.010311071,-0.0076983203,-0.005718192,-0.0026585767,0.00043816218,0.0031334662,0.0060466584,0.008187679,0.009633241,0.010117676,0.010154306,0.009444872,0.009100672,0.0070066745,0.0049240077,0.0029296419,0.0016182165,-0.00089167117,-0.002243566,-0.004448738,-0.0061299824,-0.0077763377,-0.009588467,-0.010005512,-0.011538157,-0.011973824,-0.012485307,-0.011940603,-0.012291588,-0.011159034,-0.009965269,-0.008871759,-0.006302892,-0.0041245366,-0.0020989254,0.0005068067,0.0020392763,0.004199487,0.00536516,0.005893396,0.005856235,0.0059422036,0.0047439816,0.003955896,0.0027636418,0.001819654,0.0012358552,0.00023132798,-0.0003337149,-0.0005103473,-0.00014288175,0.0005216881,0.0010166934,0.0005750784,0.0010449989,0.0009916961,0.0008191703,0.0007232922,0.00018238263,5.511554e-06,-0.00057228404,-0.0011616488,-0.0014769897,-0.0014620388,-0.002622691,-0.0032951273,-0.0039836457,-0.005095036,-0.004851543,-0.005675754,-0.0070519303,-0.006214881,-0.0068651917,-0.0063279574,-0.0052284114,-0.004521712,-0.0037294063,-0.0020823432,-0.00016139472,QAM64,4
-0.0030720443,-0.0030160397,0.0032104817,-0.0029739935,0.0062370873,-0.0041999724,0.0014088603,-0.004224698,0.0061677746,-0.002229754,-0.0041046888,-0.0015848386,0.0018523382,-0.007879526,-0.0014679254,-0.0027797204,-0.0028513444,-0.00084600743,0.003092287,0.0023242373,0.0025622128,0.0013926087,0.0017749775,0.0023470074,0.0002933371,-0.010925702,-0.005822717,-0.009006147,-0.0022822875,0.0003611186,-0.00058192806,-0.0052634412,-0.0036515067,0.00042425096,0.0021178245,0.0041544884,0.0060171788,0.0015339191,0.003613332,0.004677534,0.0027432581,0.001724161,-0.011159069,0.005292352,0.0032585165,0.009690671,0.004227185,0.00990443,0.0019339919,0.0066886055,0.013586622,0.0077142534,-1.0569018e-05,-0.0019554512,-0.00026618465,-0.0079679815,-0.006435752,-0.0034967782,-0.009440694,-0.0037214907,-0.012993781,-0.005060921,-0.014151725,-0.008441245,-0.011123632,-0.007906216,-0.0060959198,-0.009790626,-0.0024312437,-0.0057655075,0.0014956486,0.003710188,0.010406919,0.0032891638,0.001766854,0.008746466,0.009209555,0.0117687,0.0010235152,0.00862094,0.006958027,0.008802256,0.0051372526,0.00070547155,-0.005864276,-0.0031527532,0.0076131807,-0.006954993,-0.015300861,-0.0038946986,-0.009026407,-0.012438266,-0.010368186,-0.004772328,-0.00063565257,0.005893637,0.002507053,0.0014404979,0.012173057,0.004519879,0.010391091,0.0061081154,-0.0026491378,0.0067747785,0.007988643,0.006167045,0.009507744,0.0022959288,0.0076826187,-0.0011977664,0.0017468837,0.003516216,0.0064772377,0.00990126,-0.0145929055,0.0035412067,-0.005451841,-0.005835458,-0.0051160497,-0.004952802,-0.0002779639,-0.0038129485,-0.010432233,-0.0077322326,-0.002176547,-0.0052364455,-0.0030059144,-0.00015397658,0.0027714244,-0.005462251,-0.0009548184,-0.00046553288,-0.00014934824,0.0050870585,-0.0033707302,0.008842281,0.0011438647,-0.002692269,0.0011792033,-0.007711557,-0.001373288,-0.0102055725,-0.008033082,-0.008683163,-0.012462736,-0.0055984342,-0.008406689,-0.01099281,-0.005016062,-0.0030288338,-0.0022907308,0.0035058383,0.00833845,-0.0077481586,0.004678528,0.0010418447,-1.9718247e-05,0.0031139667,0.0018440029,-0.0027297174,-0.0056514465,-0.01020442,0.00076930376,-0.004204174,-0.005976344,-0.005824678,-0.012137531,-0.00076812506,-0.0063368576,-0.0027363377,-0.003478461,-0.002921126,0.0023459056,-0.0012154102,-0.002117182,-0.00060596614,0.0058440357,0.005864594,0.003910922,-0.0014702681,-0.00069857575,0.002779132,0.006618386,0.0007901195,0.0059635486,0.007641573,0.00043054423,0.0056020548,-0.0026855445,0.010822113,0.0038264033,0.009784126,0.0032325555,-0.0028387834,-0.00064474996,0.0013154245,-0.0016120279,-0.00011592537,-0.0082762325,-0.0009936846,-0.0019813974,0.006593935,0.0030164784,0.011495507,0.00961293,0.008956419,0.011260156,0.006522675,0.0035492147,0.006438864,0.0027326539,0.004404389,0.005078234,0.008532364,0.007510205,0.0072261076,0.00956579,0.001111239,-0.007026916,-0.011276567,-0.0054942057,-0.0016175071,-0.0048163165,-0.012327206,-0.0062322514,-0.0051338947,-0.0018151911,-0.0056744865,-0.0028734293,-0.0008530672,-0.0013996594,-0.0051106964,0.0009172182,-0.0049939654,0.0025035297,-0.0028367627,0.0060991556,0.00085994654,0.0065746256,0.005447788,0.0062785945,0.004712477,0.010545375,-0.00031178235,0.0042503746,0.001327679,-0.0016720889,-0.0028076933,-0.0001690879,-0.008863636,-0.0058647473,-0.008954264,-0.011004778,-0.007264452,0.00060463167,-0.009218461,QAM64,-10
0.00018898952,-0.00015076406,0.00019825518,-5.19989e-05,2.2652983e-05,-8.877402e-05,-0.00017920257,-0.00023127004,8.253843e-05,-0.00022978608,0.0001639016,0.0001217911,-0.0001315353,0.00015826698,-0.00039950802,0.0002760989,-0.00033339596,0.0003397426,2.3963496e-05,-6.9249705e-05,9.8270386e-05,-5.638051e-05,1.1912724e-05,0.0001676113,-6.976406e-05,8.6235275e-05,4.621593e-05,7.5193435e-05,-1.9397978e-05,0.00024673945,-0.00012480291,6.506207e-06,-4.1828443e-05,-1.019189e-05,-0.00030168585,-9.9256424e-05,0.00010529692,3.4952416e-05,0.00019269907,-7.2873486e-06,0.00016643651,-7.290178e-05,0.00020361143,-2.5140014e-05,-0.00022636242,2.820076e-05,-8.3620034e-05,-4.5593155e-05,-8.185273e-05,6.7732166e-05,0.0002541209,0.00029275453,-0.00028993704,0.00030734568,-2.5865736e-05,-0.00023035916,6.9969624e-06,6.647971e-05,1.4203563e-05,-7.641009e-05,-0.0001565878,-0.00011728139,0.00015565506,1.29052505e-05,0.00011841814,2.8767678e-05,-0.00027944124,-6.2554136e-05,0.00019562173,-0.0002608882,-3.346448e-05,0.00020408703,-0.00023244016,-6.06347e-05,0.000121649275,0.00031425955,3.440707e-05,0.00017028928,6.188339e-05,-0.00026130726,3.802621e-05,-0.00032003463,-1.5706564e-05,-0.00044283195,0.0001284231,0.00015768196,0.000111901856,0.0005487262,0.00033563442,0.00036504175,-0.0002331013,-0.0004600121,-0.00043869443,-0.00090561534,-0.00061204156,-0.0005502583,-0.00013787669,0.0006527284,0.0015816257,0.0018071216,0.0020089033,0.0016787275,0.0010719995,-0.0004497671,-0.0020391778,-0.003699894,-0.004959659,-0.0056066606,-0.0051988987,-0.0032350228,0.000516614,0.005428947,0.012134171,0.019215599,0.02601707,0.032414015,0.037646126,0.04109651,0.042493768,0.042210143,0.040258836,0.037766065,0.03460843,0.031729132,0.029196093,0.02754495,0.026761169,0.026966134,4.8417936e-05,0.00022119484,-2.9002958e-05,-0.00021142543,-0.00010422366,-1.4493851e-05,-9.015504e-05,-1.9527959e-05,-0.00010426064,6.317674e-05,1.0009497e-05,0.0002828158,-1.399673e-05,-0.0002669015,-0.0001276418,-0.00019639824,-5.260029e-05,4.4564426e-06,-9.32824e-05,-9.122685e-06,-0.00019830877,1.9252568e-05,0.00017142404,0.00022290918,3.4535602e-05,-0.00038825383,0.00015209946,5.3815915e-05,-0.00012393795,-5.4348042e-05,0.00010034591,0.00023950472,-9.0104346e-05,0.00013987612,7.818854e-05,0.00024008432,-6.960221e-05,0.00011735274,0.00023963542,-0.00041086113,-6.210673e-05,-0.000415715,0.00019233779,-4.2046708e-05,0.0002238688,0.00015517286,2.6468992e-05,-6.069697e-06,4.2966407e-05,4.058267e-05,-0.00013167714,6.273796e-05,-0.00015444869,-0.00047987865,5.025826e-05,-0.00010946023,0.00015735881,0.00013862705,0.00038701913,0.00024183544,0.00011731657,-0.0001829498,-4.338163e-05,-0.00014824167,-0.00027434053,0.00021816185,-1.7459553e-05,0.00032053844,0.00034002386,0.00016703966,0.0004992098,0.0001160729,-0.00016001493,-0.0002760877,-0.00045309946,-0.0004962301,-0.0005236576,-0.00017470011,8.405152e-05,0.0002594646,0.0006815163,0.00038777676,0.0004890749,0.00015690528,-0.00031506066,-0.00044371485,-0.00043275577,-0.00082752213,-0.00044207004,0.00020459587,0.00060265104,0.0010824581,0.0012230434,0.0012368335,0.0006240517,-0.00045389248,-0.0014753857,-0.0021631639,-0.0029136862,-0.0027950166,-0.0020266762,-0.0006989875,0.0012358885,0.0036963057,0.005224571,0.006696934,0.0068114656,0.005058997,0.0021359737,-0.0026720744,-0.008722704,-0.015612146,-0.022752082,-0.029673213,-0.03599918,-0.041442752,-0.04552969,-0.049080428,-0.051417388,-0.053518858,-0.054412194,-0.054863475,-0.054577734,-0.053979676,-0.051116977,-0.04727478,-0.04163695,-0.034641247,QAM64,14
0.004773035,0.0016428832,-0.0008550831,0.0017929327,-0.0042198016,-0.00076497573,-0.0019514589,-0.008217368,-0.01112194,-0.005616852,-0.0009323972,-0.0042213113,-0.0062511936,-0.009624066,-0.007296711,-0.008872778,-0.005003197,-0.0036646572,-0.005392122,-0.0005513837,0.000875388,-0.0023850377,-0.0041601686,0.0049667195,-0.0012558235,0.0053218044,0.003563115,0.003462337,0.0043776585,0.005530066,0.007467154,0.0033368273,0.0019042683,0.0063820607,0.0056661884,0.009396789,0.0066458737,-0.0015245894,0.002305434,-0.0008190218,-0.0065837707,0.0007447753,-0.003112991,0.00074400345,-0.0077565317,-0.005950804,-0.0063939756,-0.0070503885,0.00092485704,-0.0018205539,-0.006358698,-0.0044541997,0.00047045894,-0.004222894,-0.010992766,-0.0012225582,0.0008160315,-0.005973364,-0.0037939113,-0.00036517647,-0.004079867,0.0040655164,-0.0033659104,-0.0024192901,-0.003095596,-0.003539723,-0.0052697137,-0.008773665,-0.007086045,-0.007447583,-0.010644308,-0.00652413,-0.01054885,-0.006961479,-0.010136215,-0.01558502,-0.010317916,-0.008462732,-0.00535242,-0.012537889,-0.00052884966,0.0025326342,0.003128714,0.0044514607,0.00747161,0.0053376127,0.013139004,0.008223436,0.008421748,0.008383285,0.008950303,0.014646681,0.0061452924,0.0049060863,0.010706034,0.0020863344,0.0038574121,0.0071856617,0.0041385232,0.0010361362,0.0021131826,0.007750214,-0.0024156368,0.003492723,0.0010401392,0.0038615975,0.0074535976,-0.0018093416,0.0007577697,0.0013771439,-0.002538529,-0.006742207,-0.008146442,-0.0013873688,-0.005784238,-0.008430698,-0.012587387,-0.014109016,-0.009682765,-0.013894558,-0.0056390325,-0.006313751,-0.002506094,0.0025747686,-0.0019493895,-0.0016833252,-0.0016873116,-0.00048457985,0.018756375,0.017157605,0.012616467,0.008796951,0.015976585,0.0008195453,0.00041494626,0.0060484065,5.7783454e-05,0.0004835636,0.0058286856,-0.006848394,0.0021508425,0.003638696,0.0035189078,-0.007569117,-0.006523518,-0.001399219,-0.0022643658,-0.002794137,-0.0018417635,-0.0056890105,0.0019862186,-0.007601411,-0.0067294384,-0.01159198,-0.012187571,-0.005523925,-0.0095230965,-0.0058180364,-0.007198159,-0.007495642,0.00021696981,0.0011476281,-0.0019647994,0.006198692,0.005470076,-0.0028850725,0.004347322,-0.0011709249,-0.0006093622,0.000707909,-0.0037320578,-0.0091218185,-0.008318111,-0.005430604,-0.0018188861,-0.0016346987,0.00026756013,-0.005452223,-0.00039202577,-0.00046199627,-0.007628866,0.0016866169,0.0007584109,-0.00081011205,0.0035352695,-0.0014563005,-0.004089599,-0.0014769675,-0.0029427311,-0.0016352166,0.008627906,0.010204807,0.006340503,0.0046459553,0.0061989725,0.0045635942,0.011047181,0.0059083886,0.0059948987,0.007561693,0.0023271346,0.0038615759,-0.0006622685,-0.008303079,-0.007448841,0.003050953,-0.0010066554,-0.012801829,-0.0066999444,-0.0056575965,-0.004726931,-0.009539633,-0.0047174753,-0.008373475,-0.00287052,-0.007332181,-0.009737198,-0.0019692157,-0.0015402347,0.0020682388,0.00044760213,-0.009212833,0.0026292962,0.0018126967,0.0019245979,0.0049901423,0.0019171629,0.008572906,0.00018521072,0.001152954,0.0026647553,-0.006847137,-0.003429756,-0.0030456895,0.0016817962,-0.0033220632,-0.0005035608,0.0013975695,-0.0014729626,0.0018417503,-0.0023648841,0.0010964121,-0.00023294966,0.0016403622,-0.0048469524,-0.00086864806,0.002119048,-0.007941719,-0.0033656857,-0.010244581,-0.010676719,-0.010531357,-0.0053216084,-0.0058464203,-0.0073477724,-0.005188595,QAM64,-8
-0.013208451,-0.008005455,-0.0051141502,-0.0018963979,0.0071798908,0.0039498652,0.0012602784,0.0012642303,-0.0024237914,-0.006927855,-0.00040950452,-0.0021342898,-0.012249453,-0.009244816,0.0070658154,0.0067899204,-0.004259393,0.013178131,-3.134895e-05,-0.009542588,-0.0076822927,0.012467461,-0.007086852,0.0025964254,-0.0039827614,-0.0065183723,-0.0076308367,0.0026723281,-0.014208346,0.0004945758,-0.0056473613,-0.010978731,-0.00068947417,-0.0046512154,0.0047045737,-0.0024299293,-0.003922976,-0.00070009805,-0.00441535,0.0023049987,0.0070908456,-0.004277233,-0.006102482,-0.0029493833,0.004056273,-0.0014368517,-0.005326094,-0.012542828,0.0011733709,-0.0076439325,0.0048488975,0.0034061926,0.004996309,0.00022394514,0.005780271,0.001723337,0.0058373357,0.01233815,0.00212799,-0.010227237,-0.01131855,0.0047545694,-0.008851845,-0.0011004688,0.008472349,-0.009438196,-0.0054699513,0.0011963127,0.005713998,-0.0026045998,-0.0010608345,-0.00090368657,-0.00031810798,0.003704872,0.0072594304,0.0069004665,-0.0020247898,0.007637671,-0.0013654947,-0.0046968237,-0.0013052275,-0.011290149,-0.0044020135,0.013307159,0.0016678319,0.0019827774,-0.007866772,-0.01064751,0.012435181,0.0013599467,-0.003780226,-0.00093685236,0.005896862,-0.009415278,0.00067450665,0.00093533675,0.004472368,-0.00078970415,0.009360349,0.0038028206,-0.0048263622,-0.006700442,0.013727688,0.0064765797,-0.0008572506,0.006687617,-0.00018129514,0.0020834473,0.0001806026,0.0062433966,0.0023190072,-0.012268955,0.00579182,-0.0013938693,0.0036645199,0.0026443186,0.0028163465,-0.0021733737,0.0052226163,0.008908735,-0.008746091,-0.0023352131,0.005563663,0.0048098755,0.0023057666,-0.0029792087,0.0031550296,-0.00983596,0.0054418975,-0.0053956704,-0.006503272,0.0053402144,0.0017839209,-0.0015578124,0.0036075297,0.0020136833,-0.003339989,-0.004303171,0.0021837805,0.0021126498,-0.012832009,0.0015347587,0.011993464,-0.00097468303,-0.0002502591,-0.010260334,0.001644894,-0.006227979,0.0035439432,0.0010020514,-0.0035035666,-0.0077615757,-0.0021869647,-0.0064448183,0.004609279,-0.010590186,-0.0013595264,-0.002494866,-0.003837906,0.006261377,-0.0007099604,-0.0047310363,0.0010710254,-0.002851226,0.012604032,-0.004231037,0.0050881295,-0.005536543,-0.0028825405,-0.00025096268,-0.0026933663,0.008658148,0.013831781,0.0029391467,-0.003102598,-0.0021306993,-0.0113315275,0.003074292,0.009337791,-0.003150655,0.007903847,0.008018951,0.0018369835,0.010630388,-0.0027141199,0.010410124,0.00233714,0.008256777,-0.0005413469,0.0022034363,-0.0007737923,0.0020954027,-0.010587175,-0.0018581393,-0.011154921,-0.0019421328,-0.0027270406,0.0030175622,-0.00020265112,-0.007976157,-0.0026896365,0.0072604665,0.011863821,-0.0015095379,0.0064061326,0.0029474034,-0.0020124086,-0.0047868607,-0.0051107826,0.0015861498,0.010485845,0.0043604234,-0.011715622,-0.0002520727,0.0123299,0.0045777503,0.0061005894,-0.003027027,0.0035226303,0.005084688,0.00587786,-0.0015115568,0.0003988201,-0.00719357,-0.008007751,0.009620649,-0.0066472935,0.014956657,-0.00336548,-0.007655085,0.005684425,-0.0024565347,-0.005138184,8.8117275e-05,-0.0034320925,0.0054932204,0.0018764093,0.010567038,-0.0048214537,0.004907122,-0.0024685147,-0.0053018676,-0.0033599997,-0.00037100146,0.004723895,-0.00034769467,0.0060010417,-0.003334479,0.006364027,-0.009616849,-0.0032689285,0.0045060795,-0.0015661261,0.009696631,-0.0011543302,0.0041803494,QAM64,0
-0.008317946,-0.00089375325,-0.00091261184,0.008475469,0.012748722,-0.002009917,0.007550592,0.004577134,0.008150455,0.0010534691,-0.0043016253,0.014675035,0.002698384,0.002431292,-0.00025978996,-0.0022585033,-0.00013654937,0.0034419233,0.00065682264,0.0034950837,-0.0038343216,0.0035812156,0.0043595107,0.0038798403,0.0070432257,-0.0059765847,0.0031188556,0.0019973791,-0.0058256933,0.0046013654,-0.0011458616,-0.0031034776,-0.0018372376,-0.0024728812,0.004796929,0.000259578,0.012279975,-0.0043418845,0.0049895016,-0.00035559857,0.00089755823,-0.0062384363,-0.002782372,0.009203486,-0.008480436,0.0033525007,-0.004317473,0.006705385,-0.015277594,-0.002018478,-0.006251994,0.016196912,-0.0054048873,-0.010206143,0.0029434552,-0.013385423,0.0002498239,-0.009054658,0.0038968618,-0.008519697,-0.009613044,0.005477519,0.004033182,-0.008386508,-0.008770437,0.0030990427,-0.006577922,-0.0010536627,-0.0005936281,-0.003882829,0.0035784175,-0.0047315983,-0.0029570563,-0.002661279,-0.004817832,-0.0087189,-0.0041420124,0.0023743913,-0.0077216313,0.0035556105,-0.0051060063,-0.0083663585,0.0023019155,-0.01871568,-0.011047516,-0.0064506833,-0.0120773455,-0.0028161977,-0.00893281,-0.016488753,0.0010679056,0.0013519628,-0.0029501936,-0.009329457,0.0064614983,0.0054375175,0.00061760825,-0.010854252,-0.003830771,0.0016492878,-0.0015596488,-0.0075360294,-0.0010899523,-0.012223708,0.0024177404,-0.005396045,-0.0011515925,-0.0055437344,0.008859992,0.0028869489,0.006645438,-0.0014139285,0.00044086884,0.008988961,0.00023078502,-3.6900383e-05,0.001662244,-0.0005639524,0.00978825,-0.0062880153,0.0050278543,-0.006121194,-0.0015755045,-0.008118891,-0.0011706665,0.0043814657,0.017709734,0.0016813142,0.0095354235,0.006123349,-0.00073924905,7.3011084e-05,0.0005429019,-0.0011628983,0.0024232916,0.0013432796,-0.001679514,0.004156401,-0.0030944902,0.011813688,0.007048429,0.0010130757,0.0038737233,0.0074774427,0.0055718534,0.0036349709,0.00016252664,-0.0017924159,-0.0010773868,-0.009551223,0.009507157,-0.0010688313,0.0029732878,0.00019713245,-0.005624924,0.0034527178,0.000662375,-0.0034003758,-0.0038564135,-0.0020321473,-0.002268247,-0.006354947,-0.009795677,-0.021268295,4.2213647e-05,-0.0063248817,-0.0036117446,0.00082461355,-0.00188314,-0.011287308,-0.004570798,0.0051332116,0.0024893766,0.002940396,0.0024207458,0.008217995,0.004768399,0.008127957,-0.006656553,-0.001973152,0.002396586,-0.0016030753,-0.0038578832,0.0013253321,0.0011748534,0.000669742,0.0054416796,0.0030450206,0.0009437401,0.0050818105,0.008302274,-0.00043244957,-0.0016231715,0.001273567,0.0024534664,-0.0014249028,-0.007904785,-0.0016574214,-0.0039062756,-0.009878728,-0.00264379,0.008605764,0.0051592467,-0.004711262,0.0040184413,0.006165622,0.006390399,-0.0034319828,0.0067651104,0.0071714297,0.0060246442,-0.0017485343,0.00814439,-0.003905005,0.008425699,-0.008669545,0.009779647,-0.009402685,0.0023937775,-0.0002068034,0.00485805,0.009659229,0.006555402,0.0052055055,-0.0017115872,0.0057217106,0.00068206753,0.011914461,0.008542482,0.008796554,-0.005875311,0.00913423,-0.00011523957,0.003461422,0.0020010613,0.007147702,0.0043297475,-0.0027661715,-0.015052449,0.00040339192,-0.0055358913,-0.0009473349,-0.004400915,-0.0021246136,0.003168285,0.008816673,0.0007313632,0.0066431165,0.0071151755,-0.0052598473,-0.0072509297,0.0073947236,-0.006819204,-0.008328767,-0.00615357,0.009027868,QAM64,-14
0.00015157911,0.00022355278,-0.00025362303,-8.2649436e-05,-4.201726e-05,-0.00012141676,-7.428114e-06,-9.798372e-06,0.00013025488,0.00019760731,0.00011498565,-8.650597e-05,-4.342771e-05,0.00012710327,9.335062e-05,-9.838445e-05,-0.00016198603,-0.00014141612,-0.0002486993,-8.067251e-05,8.492258e-05,-0.00016056452,7.960982e-05,-0.00015144065,6.876733e-05,0.00026569876,4.2495903e-05,7.735647e-05,-7.525261e-05,-0.00019352448,-5.73267e-05,-0.00016633874,-0.000109636014,6.7295914e-06,0.0001148255,-0.00011209033,8.502648e-05,0.00018572374,-1.3735529e-05,6.438869e-05,-1.8866114e-05,0.0001156425,-6.709049e-05,-0.00016139755,-2.6195494e-05,-7.9045516e-05,0.00022649582,3.712958e-05,-0.00013803634,0.00015449637,3.7082526e-05,-6.798188e-05,-0.00039971393,-0.00033975058,-0.00040691072,-0.00037150754,0.00010011615,-8.361662e-06,0.00048209474,0.00041134242,0.00029290107,0.00012711789,-3.740242e-05,-0.00011697854,-0.00028077184,-4.8977545e-05,-0.00046490697,-0.00027433492,9.358638e-05,-2.2829481e-06,0.00041311275,0.00034744502,0.0002575849,0.00035999843,-0.00012454677,-0.00010171308,-0.0003696838,-0.00049439893,-0.00046114397,-0.0003403316,-0.00025494513,-5.9026857e-05,-0.00028515072,8.4572515e-05,0.00011855878,0.00030133835,0.00085783825,0.00093783427,0.0010648299,0.0019893742,0.002441911,0.0027895116,0.003395429,0.0038983831,0.0038494146,0.003508933,0.002713755,0.0024904297,0.0022881967,0.002137941,0.002704029,0.0045221923,0.0064942697,0.00884088,0.011603694,0.014288064,0.015898839,0.017421061,0.017186027,0.016248932,0.014353723,0.011905377,0.009121028,0.0073258094,0.0057969065,0.004875368,0.0057257046,0.006425607,0.0069203577,0.008193124,0.008251362,0.007952146,0.0068066884,0.0047778515,0.0034035842,0.0020638683,0.0014905729,0.0025486457,0.0001047801,-0.00025146664,0.00033741712,0.00012276378,2.9103501e-05,2.7540626e-05,-0.0003383246,-1.7983257e-05,-0.00030887706,-0.000108596105,-4.3009717e-05,-0.00011148325,-0.0004829995,6.7640885e-06,4.6790225e-05,0.0002813598,0.00024424258,-5.6063178e-05,-0.00035824013,8.278998e-05,-0.00024124354,-2.6258489e-05,-0.0002217761,-0.0001304346,4.035117e-05,-0.00038652992,-0.00013456143,6.619065e-05,-0.00015863737,-4.6226367e-05,6.209264e-05,-0.00028430368,-0.00031400484,-0.00023726399,-0.00037172536,-0.0001143568,8.495028e-05,0.0004656438,0.00012939524,-1.1098382e-05,0.0001493184,5.767159e-05,-0.00021700357,-0.0003841062,-0.00022487139,4.4313867e-05,0.00046674366,8.862758e-05,0.00037298255,0.00022966712,-1.2574848e-05,9.8905984e-05,0.000119867516,0.00021052004,-0.00016700917,-0.00049226766,-0.00024385548,-0.00014591988,-5.8347152e-05,1.0410315e-05,0.00016641489,2.2241553e-05,0.00023314654,0.00040000072,-6.825062e-06,0.0003885225,-7.3184485e-05,-0.00018408027,-0.0006892074,-0.0005811664,-0.00048867316,-7.777225e-05,0.00042345532,6.672007e-05,0.00084853085,0.0009179647,0.0010902968,0.0005858865,0.00027351014,-3.146609e-05,-0.00057951466,-0.0010333784,-0.0016348632,-0.002265872,-0.0031148456,-0.0025620149,-0.0016997774,-1.5394982e-05,0.0022881017,0.005353023,0.009827758,0.01454881,0.019300258,0.024218578,0.027328556,0.030322546,0.031833693,0.031604763,0.030385355,0.028408794,0.026125168,0.02425661,0.023355585,0.023912294,0.02569011,0.02874958,0.03287321,0.036261976,0.03880001,0.039359067,0.037370857,0.032370824,0.024684044,0.014486368,0.0036044987,-0.007600435,-0.017311007,-0.02461412,-0.028373228,-0.028106244,-0.024692494,-0.017751314,-0.009514956,0.00019176168,0.009991206,0.018360958,0.024826746,0.029029736,QAM64,10
-0.00768776,-0.00512575,-0.0017660497,0.0020042106,0.0056666792,0.008784153,0.010910634,0.011818767,0.011440563,0.009923263,0.007515608,0.0047020162,0.0019184353,-0.00032319812,-0.0017856823,-0.0021758333,-0.0015290942,5.338497e-06,0.0022385416,0.004739768,0.00716716,0.009180592,0.010532715,0.011054417,0.010771443,0.009760031,0.008083266,0.0060318653,0.003678823,0.0013393366,-0.0010352895,-0.003217338,-0.0051525617,-0.0068644066,-0.00822153,-0.009209464,-0.0097957365,-0.009883294,-0.009495652,-0.008651,-0.0073547917,-0.00579392,-0.0040792525,-0.0025036114,-0.0011319953,-0.00023334258,0.00011370462,-0.00010718769,-0.00084481493,-0.0019572086,-0.003200039,-0.004350516,-0.0052014953,-0.005565888,-0.005291246,-0.0044062533,-0.0029604074,-0.0010533062,0.0010379638,0.0031467674,0.0050597102,0.0065762107,0.0076623056,0.0082338005,0.008348223,0.0080942325,0.007551547,0.0069079204,0.00622329,0.00557692,0.005055728,0.0047365776,0.004597018,0.004645435,0.004830692,0.005160192,0.005594651,0.006080639,0.006585771,0.00707255,0.0074285637,0.007655627,0.007714188,0.0075295484,0.007166556,0.0066258805,0.005973747,0.00526428,0.004618221,0.0041210717,0.0037327404,0.0035267116,0.0033667265,0.0032501633,0.0030869783,0.0026238468,0.0019084469,0.0009099311,-0.00033732256,-0.0017331726,-0.003091781,-0.0041991696,-0.0048088403,-0.004847988,-0.0041603083,-0.0028335794,-0.0009869646,0.0011609389,0.0032545857,0.005034532,0.0061630607,0.006476202,0.005898776,0.004436865,0.0022268482,-0.00045018594,-0.0032812187,-0.005954331,-0.008202341,-0.009843423,-0.010809879,-0.011054859,-0.0107705975,-0.010045595,-0.0090989,-0.008063692,-0.0070857806,-0.0061480403,-0.01076096,-0.011572345,-0.011979471,-0.011927936,-0.01140066,-0.010517751,-0.009356765,-0.00811637,-0.006881378,-0.005785813,-0.0049636485,-0.0044665323,-0.00429758,-0.004561789,-0.0050692796,-0.005723561,-0.0064983,-0.0071148016,-0.0076265708,-0.007708542,-0.0073773502,-0.0064999764,-0.005058947,-0.0031278771,-0.00075616455,0.001864046,0.004545682,0.007052758,0.009053588,0.010377995,0.010858132,0.010352331,0.008841907,0.006511687,0.0035714612,0.00033137682,-0.002840378,-0.005570978,-0.007632212,-0.008701333,-0.008709765,-0.0077475174,-0.0059731277,-0.00361989,-0.001011911,0.0014670122,0.0034966513,0.0049542235,0.0056606885,0.005662749,0.00517069,0.004297296,0.0032817933,0.0024431155,0.0019451582,0.0019324563,0.002447639,0.0033537052,0.0045788283,0.0059429626,0.0072753336,0.008284928,0.009027777,0.0093000345,0.009175172,0.008658762,0.00782289,0.0068172044,0.0056312936,0.004478673,0.0032653827,0.0020749236,0.0009158503,-0.00024034445,-0.0013432838,-0.0023244915,-0.003100778,-0.0036797344,-0.0037907448,-0.003550348,-0.002849139,-0.0017662616,-0.0004513559,0.00095217966,0.0021892486,0.0031250212,0.0033728462,0.0030193322,0.0019897018,0.00036790618,-0.0016007681,-0.0035630185,-0.0053456817,-0.006462369,-0.006820477,-0.00617979,-0.004693233,-0.0024083124,0.00029883522,0.0031434882,0.005680256,0.007630739,0.008730631,0.008882866,0.008161249,0.006667681,0.0047773733,0.0027510016,0.00091029477,-0.00049645227,-0.001260332,-0.0013551753,-0.00092575303,-5.052998e-05,0.0010183998,0.0021328023,0.0030884615,0.003736446,0.004082834,0.004098826,0.0038868033,0.0035014648,0.0030317176,0.0025114573,0.0019455292,0.0012581645,0.0004867831,-0.00046491774,QAM64,16
0.00047338358,0.0038278056,0.004725945,0.0041383626,0.005246545,-0.0096486565,0.0012102706,0.0002241758,0.003314242,0.0070784437,-0.0037180053,0.0007193876,0.00036919813,-0.004890583,0.0029524022,-0.0019167042,-0.007752584,0.0013165129,-0.005352218,-0.002531846,0.0038475462,0.00068537326,-0.010643507,-0.0035712007,-0.0076768585,-0.007699074,-0.009749158,0.0043827174,-0.0025223503,-0.004325364,0.003799786,0.006338036,-0.0016741517,-0.0010998248,-0.002831907,0.00015045989,0.005283586,-0.0049624466,0.007123176,0.0044024424,0.002559262,-0.005132618,-0.0051932894,-0.0027648173,0.007387612,0.0066506444,0.013419937,-0.003613073,0.009583858,0.0061447723,0.011028033,-0.00059926376,-0.005390479,0.0023224032,0.0030562847,0.00020936492,0.002472497,0.0006025826,-0.0053131487,0.0048326575,-0.011804102,-0.0050409655,0.001674617,0.0005559966,0.0056408457,0.0037795913,-0.002627132,0.008482793,-0.00687482,0.0002423298,-0.002285319,0.011228781,-0.0009826701,-0.005152003,0.00086695683,0.00668688,-0.0040850723,0.010050174,-0.00026113496,0.0021180182,0.0038950178,-0.0026357835,0.0023075272,-0.0035210738,-0.006846819,-0.010363366,-0.012437454,-0.008243158,-0.0056523373,-0.0035658868,-0.017467108,-0.0070839883,0.0024404658,-0.0032227896,-0.01003685,-0.007164642,0.006418847,-0.01734666,-0.0022522963,0.005592393,0.0027072208,0.0058349236,0.00053402974,-0.0027676066,0.0036053213,-0.0040883445,0.0074868603,-0.0068254652,-0.0032795917,-0.006076812,-0.0077044307,0.0039993837,-0.0012541413,0.010342647,0.0046864515,0.004720617,-0.0014362109,-0.005963274,0.0015133645,-0.0076805693,0.0039806818,-0.0033413493,-0.0034499576,-0.010496763,-0.0049804747,0.0019427359,0.0046451106,0.0024082204,0.003572664,-0.0045221904,-0.008052519,0.0041242973,0.002294435,-0.0019270653,0.00090157986,-0.0024990523,-0.010062231,-0.0021299305,-0.006887434,-0.0029712273,0.0077138343,0.0044403765,0.0014359072,-0.0091239,0.0011281327,-0.002555584,0.0070358547,0.00043504313,0.003533899,-0.00020044611,-0.0012881714,-0.009787957,-0.0011654168,0.00011183184,0.009150305,0.00030175777,-0.008477186,0.0009862471,0.004956027,0.0059298314,0.0023324485,0.0051346826,-0.011035195,0.004308211,0.009222509,-0.0036167887,-0.0016248869,0.006172395,-0.013163652,0.0060310503,-0.011254402,0.004255027,0.008314855,0.002065641,0.004533286,-0.009688833,0.0044735125,0.011929473,-0.00068685,-0.003530155,0.001287844,-0.0028357364,-0.004854146,-0.0032357362,-0.010801163,-0.003104518,0.0015754513,-0.0019231534,0.00017855418,0.00019415151,-0.006199854,-0.009828592,-0.003382474,-0.010104106,-0.0070473826,0.005152673,0.0023502863,-0.005756116,-0.0077187605,0.001367676,-0.00954469,-0.0068800775,0.0048984285,0.0034026136,0.0022600458,0.006850341,0.0015669329,0.009273388,0.0041898894,-0.010347083,0.005416737,0.0010822733,0.006736103,-0.0015133347,0.0010280797,-0.015214144,0.003763649,0.0069109597,-0.006320731,0.006173182,0.0051817014,0.005674145,-0.009006646,-6.5148386e-05,0.006827126,0.013383768,0.006271216,0.006978175,-0.001572971,0.0050757164,-0.0046878834,0.00067688385,-0.0023648466,0.002322416,0.0018067291,-0.005578582,-0.008313222,0.0017757012,-0.012833234,0.0031634711,-0.007801644,0.0018264788,0.00050420756,0.00274428,-0.015535625,0.018779945,0.00032543144,0.011333377,0.001087287,-0.009929772,-0.006546048,-0.008957778,0.00076723355,-0.0032771486,-0.002976584,0.0043080407,QAM64,-18
-0.0012204108,0.015368404,-0.0012571127,-0.0009906793,0.0042794854,0.0024552778,-0.0024512536,-0.008354965,-0.0075930785,-0.010336279,-0.0019387025,0.001873458,0.0012509797,0.011133655,-0.006409451,0.004399467,-0.00043826082,-0.0076026786,0.00408795,0.008872692,-0.0018044073,0.009696048,0.00016541578,0.0028246087,0.005140286,0.00049571774,0.0014730598,0.0054301596,-0.012137987,0.0015822503,-0.0020349834,0.0038259153,0.0027236105,0.004689424,-0.002755033,0.0010328738,-0.0035916853,0.0040498916,-0.0056455224,-0.0016542949,0.0031795495,0.008444866,-0.0070532667,-0.00462852,0.008767418,0.0125549035,0.01206268,-0.0041456944,0.008189239,0.002236251,-0.010377855,0.0012686404,-8.82383e-05,-0.017583765,-0.0040840497,0.00057112554,-0.0060356506,0.007232071,0.0055442536,-0.010453576,0.0039294777,-0.0037153189,-0.002419479,0.005609961,-0.009985487,-0.009094589,0.005806754,-0.0077109756,-0.012487899,-0.0023212435,-0.0074288384,-0.004112576,0.0068018897,0.00497728,0.0020511046,-0.007729457,-0.015576928,0.005235354,0.008459153,-0.00048194162,-0.0035935645,0.006471724,-0.00033678606,0.004110729,-0.004992315,-0.0008425262,-0.0017228882,-0.019566769,0.010114568,-0.0036030463,-0.0037276202,0.0069409003,-0.005014551,0.0120011605,0.0046685915,0.0067682522,0.002519394,0.0012451957,-0.005365074,9.129065e-05,0.014415833,-0.0010725663,-0.0081828935,0.00532925,0.00023421316,0.004253149,-0.0014811787,-0.0027305083,-0.007065839,-0.004355194,0.01061515,-0.0023978902,0.009134979,0.0002137168,-0.0023349337,0.0023252664,-0.0008974571,-0.0009917534,-0.0009483014,-0.006894892,0.0052815937,-0.007237268,-0.008781394,0.008090124,-0.0050641005,-0.00022844654,0.0029890311,0.0025154878,-0.0042140353,-0.012124786,-0.0038655591,-0.00026733283,-0.008740526,0.004252786,-0.014655415,-0.0022344592,0.0006273954,-0.0043023345,-0.0151338,-0.00083768537,-0.0049963477,0.0033423784,0.0005113427,-0.0028105832,0.004577908,-0.0030501024,-0.014147808,0.00071444846,-0.011735571,0.0006476573,-0.0023074902,0.0010320581,0.0005148351,-0.0040186415,-0.0034406658,0.0005797659,-0.00713278,-0.0037227564,-0.0051518916,0.0009603368,0.0030882356,-0.007997894,0.0004915591,-0.0017228972,-0.0007796877,-0.0040378273,0.0024965568,-0.005778588,0.0030042338,0.0031932427,-0.009275702,0.0009918859,-0.005911969,0.0045584156,-0.0064436095,0.0005113018,0.0005098429,0.0068425033,0.0056592636,-0.0026974026,0.0036759693,0.0032437292,-0.0056612673,0.0051333746,0.00976887,-0.0053729434,0.006938371,-0.0044460036,0.0074822176,-0.0031079531,0.0039677545,0.002156336,-0.00067743665,-0.00910529,0.001560247,0.0028162517,-0.0075140237,-0.010806465,-0.016502282,0.0044966186,-0.0040644114,0.0059951483,0.005734281,0.007468387,-0.004826341,0.0011526385,0.00017237697,-0.001296683,-0.0007777533,0.0009580125,-0.004639389,0.00435116,0.0073702517,0.0022117519,0.004265167,-0.0043521505,-0.0027356476,-0.003683178,0.011650305,0.008411867,0.0012846768,-0.0009045025,0.0038151967,0.0031679177,-0.0058350665,-0.0071529206,-0.0015407988,0.003945681,0.0019965768,-0.0007700607,-0.0024549,0.0077468604,0.0012108209,-0.006732294,-0.0034958883,0.0064791534,0.00079172343,-0.0040788343,0.004992306,0.0071513853,-0.008481936,0.00066602946,0.0056645186,-0.0047616656,-0.011340568,0.012554694,0.0032682167,-0.0025844208,-0.012800385,0.0051274886,-0.0018491488,0.0055677155,-0.003132104,-0.008109031,-0.0052135587,0.011176841,QAM64,-12
5.5200955e-05,5.229624e-05,6.0049904e-05,0.0001662173,9.811113e-05,0.00011369027,1.3400909e-05,-0.00010625659,-0.000121098106,-0.00023004992,-0.0003689708,-0.0003248833,-0.00011542738,-3.1625706e-05,6.765097e-05,0.00029236713,0.00048655178,0.0005650823,0.0006989475,0.00079293834,0.0007207435,0.0006956914,0.00065402465,0.0006712745,0.00072113896,0.00092888175,0.0012104398,0.0017478322,0.00243937,0.0032215782,0.004165017,0.0050920974,0.0061194072,0.007025011,0.00798566,0.008812476,0.009496711,0.010180686,0.010776561,0.011255551,0.011701838,0.011932025,0.012148036,0.012129259,0.012027484,0.011782973,0.011289685,0.010434313,0.009448766,0.008028408,0.006567025,0.0048111146,0.0030780372,0.0013440681,-0.00022580936,-0.0013990427,-0.0023778975,-0.0030583993,-0.0032203905,-0.0030971754,-0.0027255514,-0.0023925023,-0.0017844475,-0.0015832188,-0.0014816648,-0.0018135344,-0.0025013336,-0.003365137,-0.0044542532,-0.005610224,-0.0065870066,-0.0071045468,-0.007490547,-0.0072357487,-0.0064762533,-0.0052607036,-0.0036568013,-0.0017892213,0.00016120683,0.0019936692,0.0036947413,0.0048794346,0.005697675,0.006018097,0.0056525907,0.0050788354,0.0039819134,0.0026945819,0.0011286981,-0.00051980815,-0.0020295873,-0.0035175118,-0.004866959,-0.0061073615,-0.0071075386,-0.008005632,-0.008807703,-0.00952966,-0.010108523,-0.010641177,-0.010978665,-0.011150705,-0.010942955,-0.01042513,-0.0096181305,-0.008354021,-0.0067593395,-0.00479416,-0.0027681484,-0.0007781867,0.0007917242,0.0020599812,0.0026109137,0.002588332,0.0015611863,-6.043164e-05,-0.0021374044,-0.004626732,-0.0070440085,-0.009184581,-0.010766703,-0.011658387,-0.011598596,-0.010789186,-0.009276197,-0.007007812,-0.0043371115,-0.001510354,-0.00026699703,-0.00027589645,-0.00020997076,-2.5960535e-05,0.00012211915,0.00025946568,0.0005762707,0.0005457799,0.000542951,0.00032608456,-0.00011252037,-0.00048948085,-0.0009427501,-0.0014117167,-0.0014277138,-0.0013653686,-0.0009371352,-4.2541804e-05,0.0010547088,0.0023544675,0.0037574603,0.005152551,0.006268065,0.0070999004,0.0076059736,0.0076144487,0.007296374,0.006493666,0.0054561347,0.0041751782,0.0027639335,0.0014035156,-8.332331e-05,-0.0015502715,-0.0031352232,-0.004439384,-0.005542111,-0.0064533553,-0.0070627234,-0.0073607764,-0.0070647476,-0.0063330494,-0.0052559064,-0.0037283201,-0.001958689,5.232997e-05,0.001956024,0.0038595188,0.00557544,0.006876836,0.007747607,0.008486605,0.008709572,0.008706567,0.008659629,0.008376534,0.008103674,0.007970559,0.00782965,0.007846836,0.007914252,0.008228017,0.008615366,0.009264802,0.00997859,0.010886834,0.011765104,0.012586221,0.013132558,0.013554185,0.0134157045,0.012725742,0.011482791,0.009724448,0.007329417,0.004295299,0.001294846,-0.0019068953,-0.005087545,-0.0077431137,-0.010068867,-0.011843909,-0.012786016,-0.013246372,-0.013236029,-0.012688203,-0.011832644,-0.010793567,-0.00996504,-0.008985256,-0.008154732,-0.0074096285,-0.0066091586,-0.0058362647,-0.005114034,-0.0043988256,-0.0034374227,-0.0024722458,-0.0015303756,-0.000704451,3.259223e-05,0.00059667026,0.00084391097,0.00074895954,0.00042537335,-0.00022026424,-0.0012486493,-0.0022905627,-0.003227661,-0.004072772,-0.0046654576,-0.0050268974,-0.00490507,-0.0045215073,-0.0036393227,-0.0026370105,-0.0013339231,-0.0002410479,0.00072894123,0.0014277016,0.0015349537,0.0013149094,0.0007368141,-0.0003164482,-0.001388597,-0.002571105,-0.0033595343,-0.0039245933,QAM64,12
0.001108115,0.0019732327,0.0020624253,-0.007012376,-0.00039294295,0.0076361885,-0.003974311,0.0012213836,0.0014098358,-0.0052417447,-0.00036834797,-0.00011696918,-0.0027012061,0.005783129,-0.007063589,-0.0027608962,-0.0039171637,0.01158491,-0.00033182642,-0.008484383,0.01013629,-0.0026579327,-0.0048299823,0.013508186,0.011442126,-0.0026654156,0.00096145796,-0.010108506,0.005288462,0.005473017,0.0067342124,-0.0017355895,-0.0066494592,0.0015953186,-0.0035674712,0.006978633,-0.00070760504,-0.011382916,-0.0048012673,-0.013062499,0.0029575208,-0.002949471,-0.007700361,-0.0012650754,-0.0038084919,0.0018530966,0.007071602,-0.010611619,2.1815078e-05,0.0065017827,0.01443352,-0.002155988,-0.011889471,0.003601298,-0.009380248,-0.007582934,-0.0027309835,-0.009355195,-0.005649121,0.00088496954,-0.008111543,0.00028466544,-0.0024560224,-0.0058282707,-0.0059873243,-0.0065220725,0.0044039935,0.0011344147,-0.005383413,0.0040866816,0.0011661693,-0.0013807325,-0.00053407816,-0.018341655,-0.008686931,-0.0052421647,-0.0022661241,0.008339436,-0.008227411,0.0011280801,-0.004999079,0.010878628,-0.0045368173,0.0012146271,-0.0015279319,-0.0034756078,0.00012618132,-0.007016879,-0.0026701812,0.006973965,-0.0031191045,0.0059510833,-0.0019969025,-0.0035148116,-0.0024614548,0.0015481084,-0.01384209,0.0067721484,0.013766715,-0.004111484,-0.004707149,-0.00822789,-0.00056610553,0.0058499915,-0.0003808204,-0.009748578,-0.005997151,0.004777581,-0.01305591,0.0024756815,-0.0032115001,0.0006395702,0.0090724,-0.007963843,0.0061449637,0.005139362,0.0044928202,-0.005304345,0.0007055623,-0.0056132693,0.00616887,0.0049086846,-0.0012901892,-0.008339387,0.00081796816,-0.008236586,0.008359847,0.002513336,-0.0028492261,0.0020770165,0.0051367814,0.0017403414,0.008550116,0.0010339172,0.0041779852,0.012267823,-0.00497461,-0.0012825689,-0.005402138,0.002534616,-0.00288464,0.0072880406,0.0034702863,-0.0066757216,0.0074104536,0.001951573,-0.0055786613,0.009275162,0.0054320395,-0.0056397817,-0.001960922,-0.0043599945,-0.0061964807,-0.004063379,-0.0036037215,-0.0009808629,0.00029287173,-0.008003879,-0.00012330666,-0.0016115207,-0.00874705,0.001128555,0.0032438266,-0.0048270673,-0.0050755288,-0.00045547183,-0.0054677133,-0.004659558,-0.0045618457,-0.0017590296,-0.0023483331,-0.012169817,0.0019912235,-0.0043682093,0.004923132,-0.009239612,-0.005870214,-0.0063839504,-4.4736054e-05,-0.013134863,-0.015002648,-0.00018624034,0.009014885,0.0070886854,-0.0012504858,-0.007313237,-0.000989353,0.0032687527,-0.002475992,0.0019498089,-0.007352767,-0.015092795,-0.011011427,0.0022671886,-0.0004168532,0.0009944829,0.0024993198,-0.003074057,-0.005493708,0.006741546,0.00022075535,0.001624936,-0.008224741,-0.010758398,0.00015605832,-0.012089188,-0.003323411,0.0009947894,-0.0002463834,0.0036997895,0.0033751593,0.0034553567,0.005034378,0.0009845553,-0.011699017,0.0040870467,-0.004116698,-0.0038942173,-0.0020668262,-0.00069731835,-0.0052451664,-0.0006677012,0.005149848,-0.0040011583,-0.0017320618,-0.00013193786,0.007927403,-0.0038572743,-0.0013905582,-0.014052366,0.007255466,-0.0066246255,0.004146289,0.0059831655,-0.0036111868,-0.01200021,-0.008241079,-0.0020839234,0.0004735817,0.009141922,0.0007123599,-0.0026580067,0.00038121355,-0.002447607,0.0011999643,0.00947164,-0.0049200156,0.006036236,0.012427395,-0.0078495005,0.0011802564,-0.0072400086,0.005875995,-0.0001683473,0.013042979,-0.01117089,QAM64,-2
0.00014128059,0.00011789381,-0.0005192229,-0.0006330458,0.00042040987,-0.00034118426,-9.453829e-05,0.00071661564,0.00022924464,0.0005906868,0.00089034095,-0.00013237908,-1.4979144e-05,0.0004363287,0.00046688804,0.0005493858,0.00038370411,-0.00014848394,-0.00055387575,0.00091183255,0.0011626098,0.0008495898,-0.00048465806,0.00039369726,0.00043003887,-0.00021351088,-2.96303e-05,7.7975215e-05,0.00039107117,-0.0006856022,-0.00093725073,0.00019601613,0.0002412517,-0.00024410874,-0.00021019654,0.00024026024,-0.00021183494,3.0599097e-06,0.00066827086,-0.0005844858,-0.000822916,0.0004760647,-0.0006498071,0.0010480272,-4.9323626e-05,-0.0005881429,0.00017831326,-0.00036145767,0.00083531655,-0.00022586585,-0.00055965874,0.00017791752,0.00066242536,0.0005918817,-0.00055685674,-0.00058828614,-0.0004704169,0.0007968407,0.0020345876,0.00047857256,4.6013723e-05,6.646991e-05,-0.00059948507,-0.0007957343,-0.0006882509,-0.0001476464,-0.00046974575,-0.0005117007,-3.5092104e-05,-0.0013723832,0.00033900674,0.0006657626,-0.00044065775,0.0013791436,0.0012421653,-0.00024323407,0.00050941674,0.0005575757,-8.4024876e-05,-0.00096545974,0.0005135159,-0.00046009192,0.001379726,0.0006879355,0.0004551098,0.0008710054,0.0012914175,-0.0005740494,-0.00055873004,-0.00049232657,-0.002599924,-0.0021463386,-0.0014969761,-0.0024550164,-0.0008569391,0.0009358448,0.002842467,0.0030877397,0.0049158605,0.005216445,0.003159348,0.0006455487,-0.0014064249,-0.005468174,-0.01107543,-0.014551909,-0.019410603,-0.022726806,-0.027573237,-0.030998014,-0.034186937,-0.0382664,-0.040808856,-0.041019198,-0.042355977,-0.038890623,-0.035189986,-0.028823713,-0.020036785,-0.00830822,0.0029653173,0.015197715,0.025662603,0.03478605,0.038901675,0.039255816,0.035028193,0.02670492,0.0006880396,8.806732e-05,0.0006573001,-0.00014425126,0.0013330859,0.00059296336,-0.000605859,-0.00036172074,-0.00030391774,0.00013929745,-0.00028445222,-0.0003193374,0.00033978611,-0.00010276345,-0.0013286289,-0.0008929832,-0.00078033184,-0.00033565031,0.00022329476,-0.00012407474,0.00029087096,-0.0010087857,-0.00035229788,-2.1341524e-05,-0.00059218565,-0.000320941,0.00086318294,0.0013287832,0.00088069175,0.0003564975,8.69054e-05,0.0012993005,0.0003499222,-0.00027592774,-0.0014062077,5.8692698e-05,-4.18072e-05,0.00061932177,0.00018767678,0.0007766379,-0.0006836363,-0.00015228712,-0.00016555398,-0.0011980942,-0.00050078967,2.9124938e-05,-0.000632998,0.00023525581,0.00017806965,-2.0791074e-05,0.00084822567,0.0013069819,-0.000570119,-0.0007674449,-0.00035462415,-0.00048867846,0.00068842,-0.00020020297,0.0008509853,-2.5894215e-05,0.00078483415,0.0011455792,7.038142e-05,0.0012360254,0.00014574808,-0.0006939922,-0.00036221207,-9.5258416e-05,-0.00091288873,-0.00058687606,0.0006005277,0.0004964714,0.0009266221,-0.0006802033,-7.2754214e-05,0.0015511421,-0.00039358556,-0.00069732923,-0.001137696,-0.00038535247,-0.0010258536,-0.0008590966,-0.00065091596,0.00018414481,0.00077547756,0.0014173763,0.0011048226,0.00052367145,0.0008306871,-0.000395477,-0.0008488673,-0.0019683095,-0.0007644617,-0.0012560026,-0.00095953024,0.00037870486,-0.00061244966,0.000239233,0.002571282,0.0017874462,0.002837449,0.0015664079,0.0008647989,-0.0009784222,-0.0015167505,-0.002610727,-0.0039314637,-0.00589642,-0.00836035,-0.011220295,-0.013633296,-0.019957742,-0.025151048,-0.030533416,-0.035017774,-0.03701294,-0.040147755,-0.040094856,-0.03594499,-0.028842283,-0.019421391,-0.007916642,0.004894941,0.016008962,0.024587622,0.031654526,0.034055416,0.03078645,QAM64,6
-0.0005304759,0.013061142,0.00068826595,-0.0041013514,0.0041330364,0.00095762534,-0.013299105,-0.009446949,0.0127082355,0.006438,0.0046046614,-0.00012572041,0.009139555,-0.0006178657,-0.0085702,-0.010222492,-0.0016055802,0.0076537803,0.0065211384,0.0049724146,0.0136623345,-0.0075648306,-0.0034386425,0.0005700424,-0.004835567,0.0019286815,-0.0077396384,0.0017230667,0.007221161,-0.0035602406,-0.0013152868,-0.0014252977,-0.0046302928,-0.0055847075,-0.00011811826,-0.00268741,-0.0026986727,0.0015443839,-0.0024121674,-0.0023875686,0.010161042,-0.0030780805,0.0034707529,0.0052331598,0.0053573125,0.0035894557,-0.0021059557,0.00033435912,-0.00034625875,-0.00519549,-0.0032706598,0.0037646804,-0.013069458,0.015254025,-0.0011835556,0.0018368693,0.005939622,-0.0018726157,0.0014378773,0.0017176524,-0.01359237,-0.0024828634,0.01388732,0.0026253182,-0.0032558085,-0.0024568958,-0.0039006164,-0.0015707632,-0.0067430213,0.005976382,0.008499335,-0.0016890129,-0.0028543798,0.0008919461,-0.009571559,-0.0040633553,-0.006820946,0.0063550337,-0.0012076267,0.0022306053,0.00046650242,0.0028038148,-0.00025848625,-0.004903763,0.0025624917,-0.0009563289,0.00058619975,-0.0022969365,-0.00036088913,0.009272293,0.00017160679,-0.005968244,0.0011958086,7.9080456e-07,0.005919106,0.00074637326,0.006197061,-0.0014428739,-0.00085639156,0.00030704343,0.0031609281,-0.008481708,0.002247146,-0.0011304572,0.00061873236,0.0008625458,-0.00084669294,0.0041187746,-0.0058759344,-0.0027006324,-0.0032687155,-0.012391434,0.0028264953,-0.010718608,-0.0012039528,0.0023501525,-0.0071197795,0.00028753318,0.0043557887,-0.0010561862,0.0042372937,-0.0053114356,0.00010493988,0.00056695216,-0.004869319,0.01098695,0.009877537,-0.0017698383,-0.0046083247,-0.023587508,0.0050886394,-0.0012347915,-0.0077685695,0.0005067699,0.007069705,0.007977668,-0.011381962,0.001125965,0.006914182,0.0093201855,-0.009891459,-0.0045150663,-0.001142036,-0.0238591,0.01055637,-0.005685129,-0.0056905425,-0.001467344,-0.0042799944,0.00443282,-0.005145911,0.0032947396,0.0010185495,0.0019785492,0.009039225,-0.004548334,-0.007961735,-0.0009243053,0.008007951,-0.0070286435,-0.0073209275,0.0069366265,-0.013134312,-0.011841043,0.011579149,0.0010344236,0.002228108,-0.0053274194,-0.011168921,-0.004126852,-0.007784193,0.0053085503,-9.119472e-05,0.0008982257,0.001384602,0.0042709857,0.010012747,-0.002250271,0.0003216224,0.003110119,-0.008479696,0.002115887,0.0063465447,-0.00056801026,0.0012124386,-0.0010354562,0.008413731,0.0103856865,-0.005420472,-0.006367092,0.006126879,-0.020611605,0.002933387,0.0060195546,-0.01129947,-0.0010392148,0.0055479896,-0.0039031813,0.0028762324,0.009506222,0.007419336,0.0058772867,0.0029985565,0.0014461582,0.006786504,-0.0021565384,-0.005436277,0.00065155036,-0.009842193,-0.0027961293,-0.0062459297,-0.0036622854,-0.01744425,-0.007946613,0.00071089424,0.0013859181,0.008220765,-0.01403452,-0.0029022966,-0.00135225,0.003193711,0.007718314,0.009779698,0.00069495995,0.0007900205,-0.001753063,-0.0036721886,0.0015155706,0.0015301674,-0.007136474,0.0043970225,-0.0013681242,0.0066534285,-0.011497385,-0.0076468587,-0.008080684,0.004383869,0.011574371,0.00031958745,-0.010457532,-0.0021027352,-0.0003124661,0.002663936,0.00022976869,-0.0027371706,0.0038772705,-0.0035965005,0.008544063,-0.009971694,0.002990936,-0.011591833,0.0005145007,-0.0015949724,-0.0034311626,0.0012160037,0.006247969,QAM64,-16
